google,google_scholar
汪静之,154
黑大春,12
木桦,3
简易,4
艾农,1
云柯,0
李师江,0
小箭,4
南渡,9
沈醉,1
星芽,2
薛润,0
云水,1
大荒,3
黄沙子,129
李玥涵,0
许天红,0
丝绒陨,2
徐彪,1
韩东,210
nkfree,0
feel,0
朱剑,37
弥赛亚,10
京不特,1
浮生,1
姚阳辉,2
骆一禾,87
吴治由,2
淡淡,112
陈德锦,3
王琼,2
弱者的智慧,0
娜夜,64
臧棣,133
吴素贞,313
陈惠芳,2
苗红年,2
王林燕,13
iappler,0
方思,2
砂丁,8
辛郁,8
席亚兵,2
真嗣月,0
年微漾,2
楼兰姑娘,0
海男,72
刘立杆,56
张维,10
西毒何殇,1
桑克,209
西渡,72
陈克华,17
弦河,0
胡适,202
青城,1
王辰龙,0
林徽因,140
成郭,0
罗西,5
李金发,324
虹影,3
张世明,2
晓音,8
宗白华,54
柯平,9
陈可抒,0
柳涄,0
飞飞,21
徐乡愁,3
游政颖,0
哑默,8
蒋峰,0
马苏里,0
李蝴蝶,0
应修人,31
石可,0
李傻傻,2
杨典,4
达谰,0
苏金伞,41
王小波,0
侯马,34
哨兵,17
蔡恒平,2
丹鸿,0
李长远,1
老祥,0
彭凯雷,0
冯唐,6
朴贤,0
唐捐,2
二十月,0
零落香,3
禹初晴,0
岩鹰,8
梁平,58
万宽,0
汪抒,8
沈颢,0
少鸢,0
路雅婷,0
君儿,11
火野山,0
慕尘,0
钟玲,5
bg,0
吕布布,48
李轻松,50
李以亮,18
张玉明,6
张凡修,0
谢笠知,0
残笛,0
北方,26
默默,61
马策,7
徐萧,4
白莲春,0
滟石,0
死鬼,0
食指,291
罗万象,0
阿达,2
韩国强,0
钟国强,0
比丽珍,0
宫哲,0
倪湛舸,3
海啸,7
张爱玲,4
卢卫平,23
马骅,9
花瞳子,0
若风,0
狄平子,0
陆忆敏,28
李森,30
黄茜,3
颖川,1
辛笛,83
谯胜东,0
闻一多,834
distance,0
木褚鲁,0
余真,49
谷禾,135
钟放,0
袁永萍,1
文虬,0
芒克,77
艾青,2310
牛粪,0
谭延桐,14
施玮,2
张志,0
余怒,40
朱英诞,40
小满,0
钦达温,0
马达,1
李魁贤,21
伊路,20
苏画天,22
章平,4
老叔,0
黄礼孩,0
秦轩,0
蓝野,16
李白凤,7
北野,33
芋头,0
温冰然,0
李元胜,39
泽婴,1
莫雷,7
西望长安,0
徐芜城,5
羊令野,4
麦岸,3
戈麦,40
叶青,0
鲁藜,72
大冈信,11
大仙,3
阿垅,60
翟永明,227
邰筐,17
扎西拉姆多多,0
疼痛,6
长屋,1
剑语,0
记得,0
刘克文,0
冷面狗屎,0
鲜圣,3
南蛮玉,1
雪女,11
茶叶,2
施蛰存,10
寄忆,0
巴战龙,0
唐三臧,0
云帆,1
老书,0
邱勇,0
脱脱不花,0
后商,0
灰娃,61
李晴,0
尚仲敏,0
杨平,0
张海峰,3
彭千郡,0
白连春,20
柏桦,498
姜二嫚,111
王诗雯,0
蔡天新,12
张国辰,0
莱耳,3
小招,2
陈云虎,1
崔剑明,0
刘梦苇,13
memo,0
游旋,0
覃子豪,48
李晓愚,0
刘泽球,6
莲生,0
祁国,4
诸葛闹闹,0
姜了,1
遨笛,0
黄斌,18
杨光,42
周小寒,0
朱自清,153
莫非,31
庞清明,6
楚尘,4
杜康,0
席慕容,217
蒋立波,39
没有人给他抛媚眼的上校,0
廖伟棠,24
张志民,54
陈思楷,2
高月明,2
秋水竹林,2
格式,39
渭波,3
零雨,10
湖北青蛙,0
王忠友,1
祝枕漱,0
梁积林,21
陈梦家,63
ncverilog,0
老鹰,1
碧杨树,0
邹波,2
吕叶,5
邵燕祥,153
乌青,17
阿九,6
天乐,3
白鹤林,25
剑方,2
邵风华,10
小海,75
杜绿绿,86
西娃,0
谢立文,0
杨一,0
艾龙,0
胡风,95
牧斯,7
李广田,43
纳约林,0
牧野,2
康苏埃拉,38
高亮亮,0
巫小茶,764
马莉,24
余丛,21
唐丹鸿,7
鲁西西,12
傅天琳,60
田晓青,3
沈娟蕾,4
长征,43
陆恒玉,4
朱朱,54
肖水,40
张执浩,169
杨远宏,0
饶孟侃,7
mutu85,0
小引,16
无数山楼,0
郭全华,1
司汉科,0
墓草,1
长短,0
原筱菲,3
韩博,6
墨指含香,0
马力,0
黄海凤,3
林东林,0
任明信,2
周公度,28
邵洵美,85
育伦,0
纪弦,98
候马,1
碎岁,2
老本,0
气球,1
赵子明,0
蓉子,44
蓝蓝,436
王西平,294
阿卓务林,35
高鹏程,5
张枣,204
鲁米,37
刘立云,6
老乡,13
夐虹,0
周梦蝶,101
庞培,115
刘东灵,2
方含,0
依一,0
雪迪,4
Departure,0
张进步,5
杨小滨,3
mermana,0
王寅,21
王家铭,3
池底,0
江堤,7
林忠成,7
里耳,0
井盐,0
于小韦,3
恒平,0
杨震,0
郝茂军,1
夏菁,3
浅瓶,0
阎海东,0
吉日木吐,0
昆鸟,0
潘漠华,3
光诸,0
田坚,0
马超,0
于赓虞,60
刘勇,1
苍虞,0
林宗申,1
杨钊,2
蔡方华,0
老井,44
皮旦,3
弱水吟,0
朵思,2
凡尔纳,2
潇湮,0
张存己,1
秋暮雨,0
袁可嘉,64
小苏打,0
宋尾,15
俞平伯,48
秋子,4
林长信,0
南歌,3
熊焱,15
鲁若迪基,102
张曙光,48
田原,51
王原君,2
唐不遇,66
抵御系,0
中子,0
雷平阳,439
林木,1
老王子,0
曹臻一,2
比利珍,0
田力,4
陈炜潘,0
荣荣,42
南星,17
青杏小,0
范想,0
谷雨,13
甜河,35
小饼,1
何兮,0
盛兴,27
蔌弦,19
黑女,2
云虎,0
李拜天,8
刘延陵,0
黄润宇,0
燕窝,0
王小妮,297
非杨,0
Among,0
沈尹默,37
HD,9
张真,0
舒婷,0
于贞志,2
施茂盛,69
易水寒,0
彭佩,0
新泽文,0
山上石,3
郭沫若,1040
朵渔,496
李晓君,0
徐鱼略,0
孙大梅,0
野象小姐,0
冯乃超,3
彭世学,1
卢悦宁,2
萧开愚,14
韩松落,0
池莉,2
苏小乞,3
先秦,49
谭五昌,73
绿蒂,15
洛湃,0
李少君,57
蓝角,6
贝岭,0
陶勇,0
周伦佑,207
灵荑,0
Van,0
人邻,17
刘年,700
胡翠南,2
中岛,10
张敏华,103
清歌,1
思卡,0
阿氓,0
钟永丰,0
九歌,9
冯雪峰,45
朱思语,0
张二棍,21
古道西风,0
李王强,3
徐柏坚,2
马海波,0
韩今谅,0
管管,20
王江山,0
林安,0
姜宇清,4
梅蒲柳,0
麦芒,36
程志强,0
程玉宇,0
流马,0
杜马兰,2
巫昂,41
诺然,0
江河,61
陈宗华,5
黄唐,0
叶延滨,80
木木石,0
国军,2
晓山春,0
冷寻寻,0
张靖榆,0
思歌,0
岳重,2
李叔同,3
夏悬子,0
马小贵,2
佳妮,0
米绿意,61
马虹琴,0
伪装蛇,0
汪启疆,10
吴新宇,3
寒烟,18
大鹏瞰海,0
杨子,17
舒布衣,0
胡木非木,0
郑文斌,0
非亚,70
马松,3
包慧怡,3
分针,0
陈舸,2
周紫宜,0
七青,0
王这么,0
乐家茂,1
苏绍连,0
汤养宗,96
乌玛,28
叶美,6
苏历铭,74
Jo,2
海桑,0
王怡,0
颜峻,5
李海鹏,2
徐玉诺,52
陈超,57
楚阿海少,0
大卫,145
李尤台,1
多多,168
谢宜兴,17
克莱儿,0
柴安平,0
伊沙,0
鲁川,1
王珍,0
息为,0
石光华,7
周琰,1
赵云,3
雷茂盛,0
莫扎克,0
陈敬容,113
子在川上曰,0
屠岸,54
朵孩,1
王卫,0
郭小寒,0
仲诗文,7
摩西,5
杨黎,43
唐亚平,6
穆旦,609
一行,58
匹夫安,0
林无无,0
北村,29
水海,0
周涛,0
紫薇,6
周文婷,0
陈衍强,179
章凯,7
通宵达旦,0
树的白,0
周乐天,1
耿占春,10
桑葚,0
余肉肉,0
李小洛,48
赖予乔,0
梁小斌,86
黄伟文,0
林亨泰,29
易行,3
孟浪,8
曾蒙,71
想想生,0
商略,14
艾蒿,2
邹荻帆,40
remaker,0
林庚,91
邹崧蔚,0
史牧云,0
魔头贝贝,28
洛风,0
棠棣,1
李长空,1
林珊,42
邓诗鸿,3
王天武,2
槐蓝言白,0
叶匡政,12
大艾,0
秦时月,3
麦穗,2
郁葱,121
伊蝶,0
晴朗李寒,25
婀姬,0
庄宗伟,2
西兰非,0
张小云,5
胡了了,1
黄智扬,0
非可,0
安琪,131
浩子,0
林正,0
刘脏,0
健子,0
王雨之,0
康佳,0
岑灿,0
非马,82
禄琴,0
宇向,75
燕子,24
炎石,0
徐江,36
王狼狗,0
机车,0
王夫刚,53
雷子,7
鲁迅,462
宋渠宋炜,0
shawdo,0
曹五木,2
桑格格,0
雁西,1
律林好汉,0
轩辕轼轲,13
西门不暗,0
冯至,465
陈美玲,7
何小竹,36
韦白,6
北陵王,0
钟鸣,11
金克木,6
曾卓,0
张丹,5
小荒,47
666,0
李丹平,2
赵柏田,0
马悦然,0
韩高琦,5
王敖,12
25,91
沈从文,78
马兰,6
马拉,16
席君秋,0
肖蕊,0
宋非,0
普珉,0
余幼幼,16
初秋的驮马,0
刘湛秋,27
阿缘,0
oldfive,0
管党生,3
周欣祺,0
熊盛荣,0
黄谷子,0
钟浩,0
马永波,343
江非,138
徐亚奇,0
洛盏,7
冬至,2
沈睿,2
柏坚,0
北岛,611
杨邪,9
李加叁,0
尹丽川,13
韦丛芜,4
秦巴子,67
夏宇,68
留,0
李正亭,0
何植三,0
柿柿,0
谯达摩,2
一果,0
朱庆和,63
桥,104
半渡,0
尤言,0
西川,276
朱零,8
波戈拉,1
沈方,25
君晓,0
颜溶,3
狄阿,0
无名氏,20
蔡丽双,27
空石,0
颜姐,0
王顺健,3
中流砥柱,2
周鱼,50
佛手,1
李先生,5
里所,0
何一平,1
黄梵,27
潘洗尘,331
黎衡,24
古剑,1
刀石,0
唐湜,29
林泠,8
小西,5
夜林,0
余光中,1750
周瑟瑟,22
森子,63
奥小卡,0
谢一景,0
于怀玉,0
蒋明,8
刘大白,64
白萩,30
kinosei,0
nixi,0
程碧,0
许立志,41
柳下影,0
巴度,0
穆青,1
冰木草,0
新星,3
废名,0
无为无味,0
杨森,6
莫渝,9
李晟馥,0
梁小曼,0
赵四,25
槟郎,0
曹麓塬,0
张小静,0
杨正刚,0
姜巫,0
徐勇,1
郑振铎,1
刘亚全,0
图雅,2
之川,0
胡刚毅,7
赵岚,0
万,0
mohan,0
秦立彦,1
韩俊,0
三羊,0
王明韵,292
陶里,6
何文胜,0
迷狐,0
洛夫,348
郑愁予,304
艾里馥,0
杨克,60
唐朝晖,4
杜牧野,0
绿原,136
沈苇,207
黄永玉,8
炎拓,0
骚夏,0
林婉瑜,2
威格,0
简宁,6
田间,259
彭三县,1
欧阳江河,98
川美,4
子禾,3
郁陈,0
殷夫,0
bitstone,0
路也,0
周伟驰,4
方玮德,8
逸飞,2
冯文炳,3
张岩松,5
独孤九,0
朱士炼,0
孙大雨,57
夏宏,2
无言1314,0
尚斌,0
昌政,0
钟鼎文,4
孔灏,4
林姗妮,0
蓝马,4
空瘦,0
胡桑,208
陶春,3
郭密林,1
一度,99
成婴,3
谢湘南,27
李红旗,1
谭克修,8
林家柏,0
李伟,10
徐敬亚,34
Super_BomB,0
山贼,0
邢剑君,0
王子瓜,1
张作梗,20
祝凤鸣,2
老巢,9
黑瞳,0
林子,12
孙散逸,0
璎璎,0
胡平,2
谢华丽,0
南人,61
三子,78
张祈,0
寇宝昌,0
野麦子飘,0
亦非,11
叶圣陶,17
蔡其矫,0
老刀,0
汪海鸣,0
窗户,2
陈镜,0
十品,8
蒙晦,5
金枝,0
林北子,1
袁瞻,0
杨炼,141
温经天,3
cm,0
覃权,0
柳永,39
陈瀚乙,0
戴潍娜,52
江一郎,27
阿卜力克木·文子,0
冰心,217
刀刀,5
黄小名,0
田禾,67
羊,147
张定浩,1
豪格,2
毛头英,0
雷武铃,0
黄婧怡,0
吴晨骏,4
林雪,86
莱明,115
天边的那边,0
剑熔,3
无涯,1
苏柘,0
eL,7
青蛇,3
马雁,0
唐欣,20
杨庆祥,8
道辉,34
钟芝红,2
西西,38
思乡,268
何骋,1
匙河,0
叶辉,0
布林,2
小云,2
刘恋,0
宋琳,36
臧克家,1130
新泽飞翔,0
黄葵,10
萧沉,0
谭明,4
根子,5
陈育虹,44
大迹,0
沉默的诗者,0
万夏,13
晴宝儿,5
水晶珠琏,0
詹苾,0
陈迟恩,1
朱湘,302
岩上,13
王妃,15
陈甜甜,0
郝锐妮,0
王良和,5
流沙河,425
丁泓,0
穆木天,0
戴望舒,791
李见心,26
大车,3
陈先发,310
霁晨,0
廖亦武,8
王佐良,60
陈黎,50
Ana,0
宋颖豪,0
何其芳,390
西棣,1
王亦洪,0
刘春,111
欧开平,0
惜缘,0
阿坚,8
亢霖,0
胡冬,4
李琬,25
辛泊平,5
王凝之,0
Sonnet,1
韩文戈,12
阿斐,28
罗寄一,0
一闪,1
刘伟雄,18
沙湾,0
古井,0
语庙,0
任知,3
克文,3
傅旭华,0
离原,5
松子,0
陈汐,6
树才,43
yolatengo,0
吴兴华,49
彭野,0
小君,0
水水,0
孔孚,72
黄金明,23
鲸向海,0
姜亚君,0
吕宗林,1
张伟,4
北城,9
苏丰雷,0
汪峰,4
诗阳,1
河东,1
叶三,2
抒亦凡,0
李宏伟,1
xtsh53,0
孙文波,36
远村,8
巴人龙克,0
石泉,0
徐志摩,1960
程维,3
何博,0
邵揶,2
八月春,0
汪国真,499
夏小茶,0
陈东东,65
肖开愚,0
chemrandd,0
鸿鸿,12
雨田,35
Jerry,0
刘半农,97
赵鼎权,0
王海桑,3
张静雯,0
施施,1
了小朱,0
铁梅,5
阿毛,74
一回,8
灯灯,18
梦冉,0
北墨,0
邬霞,3
兔八叔,0
苏斐文,0
阿西,9
李贤平,0
斓斓,0
赵雅君,1
剑枫,0
黄国彬,69
阿库乌雾,57
于坚,641
樵野,0
依群,2
顾城,828
黑光,1
舍秋子,0
凸凹,22
drunker,0
卞之琳,437
王艾,1
吕绍勋,0
欧阳昱,39
阿文,3
闻岳,0
杜涯,123
符马活,5
春树,11
李青鱼,0
半秋,0
赵庚夫,0
方令孺,10
赵野,36
柳亚刀,2
讴阳北方,0
丁当,7
胡弦,813
指纹,1
寿州樊子,0
苏浅,18
叶维廉,67
谈炯程,0
弈江南,0
莫予,0
潘柏霖,0
牛庆国,20
阿紫,5
哑石,28
陈钰鹏,0
陈安安,1
空心慧,0
蒋蓝,10
杨牧,143
林童,3
康白情,55
宋晓贤,14
毕赣,0
魏风华,6
西贝,0
浅暄漠子,0
小宽,2
江子,2
冀仕权,0
雯子,0
蝶雨馨兰,0
飞沙,5
诗奴,0
汤成伟,1
龙羽生,0
阿浅,0
阿芒,6
郑小琼,126
胡岭,0
lora,0
愚歌,0
车前子,67
大解,0
罗巧,0
杜运燮,55
李浩,23
昌耀,369
姚振函,10
殷龙龙,18
吴静,3
纳兰,54
唐果,52
俞心樵,4
木心,39
唐子砚,1
唐祈,0
李南,78
竖,5
郑单衣,0
故牧,0
半羊,0
赵丽华,0
南野,8
彭国梁,3
马非,111
秦晓宇,0
粒粒周,0
戴华,0
郭志杰,2
假牙,1
代薇,19
吕德安,30
刘万里,0
宋雨,184
早班火车,0
牛慧祥,9
张杭,2
叶丽隽,15
李鞅,0
杨晓民,9
余从,0
沈奇,27
艾力,1
曹疏影,6
黍不语,13
宋晓杰,358
莫卧儿,23
黄灿然,21
姜馨贺,112
轮回的马,0
小城,6
简单,239
杨键,314
光体,9
残墨染,0
古马,45
康城,4
舞水渔者,0
杨拓,8
木剑流风,0
文晓村,0
马铃薯兄弟,12
熊曼,97
梦亦非,9
文珍,1
刘文旋,0
达瑞,0
扎西才让,8
朱锕朱,0
慕棠,0
兰淑贝,0
李亚伟,64
骆驼,4
李德武,7
李呆,0
梁宗岱,115
阿比,1
王独清,56
王轼之,0
郑敏,177
秦三澍,18
艾川,1
李小雨,33
马逢华,0
高作苦,7
金指尖,2
草花园子,0
须弥,4
海上,0
宋长军,0
雪如,0
梁晓明,105
吕约,10
晋荣,0
蒙塔莱,8
老木,2
也思尔,0
圻子,8
布衣人,0
李敏勇,12
曲有源,16
朝格图,0
张志刚,0
魔实,0
lilisay,0
伊万,9
明夜的传说,0
外外,67
长空,1
金马洛,0
罗门,59
戈多,2
严彬,48
伊蕾,41
阳阳,3
林白,5
李建新,2
木僧,0
冯昭,0
小老虎,0
染冰,0
曹僧,44
西域谷子,0
于洛生,0
叶舟,28
木朵,0
叶玉琳,14
陈秀喜,15
楼河,29
王小龙,0
杨碧薇,5
匡国泰,4
刘亮程,2
杜谷,2
奈洛,0
琴叶榕,0
时兆涛,0
陈家坪,56
胡宽,8
四少,0
甜老虎,0
童蔚,0
苏晗,0
李元贞,0
清平,14
莫小邪,8
黄翔,15
胡不饭我,0
张烨,17
杭约赫,15
郑斯超,0
余秀华,263
徐钺,66
刘华明,1
隐居的事,0
张耳,8
田荞,0
滕云,0
张默,60
饮江,0
杨智杰,0
周雅雯,0
十一,30
任洪渊,23
阿甘,0
方李靖,45
海子,1590
姚风,44
周作人,37
恶鸟,2
苇鸣,7
梁雪波,17
张香华,34
姜涛,5
今今,0
贾薇,10
李小建,8
凌翼,7
何房子,1
高晓涛,0
吾情如诗,0
张错,13
杨宗翰,2
杨唤,53
牛波,2
王东东,9
刘雕和,0
飞廉,131
毛子,0
祭祀,7
刘川,216
刘晔,0
商籁,0
林莽,69
小安,0
向明,42
商禽,0
大奥,0
三毛,0
北残,1
王大乐,1
山野牧人,0
陈白衣,0
朱尔,2
天下一秋,0
邓方,0
何三坡,5
痖弦,0
还叫悟空,0
李瑛,134
南山子,0
孙磊,22
孙谦,16
沈浩波,0
朱文,13
陈年喜,5
贾浅浅,2
严力,53
周瓒,0
梁靖吕,0
斯德福,0
叶丹,8
黎明鹏,1
祥子,28
沉戈,0
潇潇枫子,1
王统照,17
徐迟,143
顾不白,4
瓦当,0
郭小川,391
殊月归来,0
周南焱,0
法夏,1
白灵,28
flyer,0
rlj0350507,0
胡续冬,9
蒋浩,59
weare,0
金素月,42
刘自立,0
公刘,438
流水平子,0
冷霜,4
潇潇,48
张铎瀚,1
陆苏,3
阿翔,54
欧亚,3
潘维,50
迷篱,0
黄东奎,0
光未然,246
陈鱼,1
亚凡,0
廖湛初,0
南岩,0
瓦兰,7
马骥文,9
王家新,302
萧颂,2
歌兰,2